{"entities":{"pages":{"start-page":{"id":"start-page","title":"suleimanovs.github.io","url":"start-page.html","level":0,"tabIndex":0},"z8df3mn_3":{"id":"z8df3mn_3","title":"Android","level":0,"pages":["z8df3mn_6","z8df3mn_7"],"tabIndex":1},"z8df3mn_6":{"id":"z8df3mn_6","title":"ViewModel","level":1,"parentId":"z8df3mn_3","pages":["view-model-under-the-hood-store","fragment-viewmodelstore-and-retain-fragment","view-model-under-the-hood-сompose","saved-state-handle-under-the-hood","decompose-save-state-internal"],"tabIndex":0},"view-model-under-the-hood-store":{"id":"view-model-under-the-hood-store","title":"ViewModel под капотом: как она выживает при пересоздании Activity","url":"view-model-under-the-hood-store.html","level":2,"parentId":"z8df3mn_6","tabIndex":0},"fragment-viewmodelstore-and-retain-fragment":{"id":"fragment-viewmodelstore-and-retain-fragment","title":"ViewModel в Fragment под капотом: от ViewModelStore до Retain-фрагментов","url":"fragment-viewmodelstore-and-retain-fragment.html","level":2,"parentId":"z8df3mn_6","tabIndex":1},"view-model-under-the-hood-сompose":{"id":"view-model-under-the-hood-сompose","title":"ViewModel под капотом: как работает в Compose и View","url":"view-model-under-the-hood-сompose.html","level":2,"parentId":"z8df3mn_6","tabIndex":2},"saved-state-handle-under-the-hood":{"id":"saved-state-handle-under-the-hood","title":"SavedStateHandle и Bundle под капотом: как Android сохраняет состояние","url":"saved-state-handle-under-the-hood.html","level":2,"parentId":"z8df3mn_6","tabIndex":3},"decompose-save-state-internal":{"id":"decompose-save-state-internal","title":"Decompose и Essenty: под капотом сохранения состояния без ViewModel","url":"decompose-save-state-internal.html","level":2,"parentId":"z8df3mn_6","tabIndex":4},"z8df3mn_7":{"id":"z8df3mn_7","title":"Test","level":1,"parentId":"z8df3mn_3","tabIndex":1},"z8df3mn_4":{"id":"z8df3mn_4","title":"Kotlin","level":0,"pages":["z8df3mn_13","serialzation"],"tabIndex":2},"z8df3mn_13":{"id":"z8df3mn_13","title":"Test","level":1,"parentId":"z8df3mn_4","pages":["testing_philosophy_kotlin_expect_actual_test_doubles"],"tabIndex":0},"testing_philosophy_kotlin_expect_actual_test_doubles":{"id":"testing_philosophy_kotlin_expect_actual_test_doubles","title":"Философия тестирования в Kotlin: Expect/Actual, Unit-тесты и природа Test Doubles","url":"testing-philosophy-kotlin-expect-actual-test-doubles.html","level":2,"parentId":"z8df3mn_13","tabIndex":0},"serialzation":{"id":"serialzation","title":"Введение","url":"serialzation.html","level":1,"parentId":"z8df3mn_4","tabIndex":1},"z8df3mn_5":{"id":"z8df3mn_5","title":"Java","level":0,"tabIndex":3}}},"topLevelIds":["start-page","z8df3mn_3","z8df3mn_4","z8df3mn_5"]}