{"entities":{"pages":{"-cwc98l_2":{"id":"-cwc98l_2","title":"Android","level":0,"pages":["view-model-under-the-hood"],"tabIndex":0},"view-model-under-the-hood":{"id":"view-model-under-the-hood","title":"ViewModel Under The Hood: View Model Store","url":"view-model-under-the-hood.html","level":1,"parentId":"-cwc98l_2","tabIndex":0},"-cwc98l_3":{"id":"-cwc98l_3","title":"Kotlin","level":0,"tabIndex":1},"-cwc98l_4":{"id":"-cwc98l_4","title":"Java","level":0,"tabIndex":2},"patterns-principle":{"id":"patterns-principle","title":"Topic title","url":"patterns-principle.html","level":0,"tabIndex":3}}},"topLevelIds":["-cwc98l_2","-cwc98l_3","-cwc98l_4","patterns-principle"]}