{"entities":{"pages":{"start-page":{"id":"start-page","title":"suleimanovs.github.io","url":"start-page.html","level":0,"tabIndex":0},"-549hu0_3":{"id":"-549hu0_3","title":"Android","level":0,"pages":["view-model-under-the-hood-store","fragment-viewmodelstore-and-retain-fragment","view-model-under-the-hood-сompose","saved-state-handle-under-the-hood","decompose-save-state-internal"],"tabIndex":1},"view-model-under-the-hood-store":{"id":"view-model-under-the-hood-store","title":"ViewModel под капотом: как она выживает при пересоздании Activity","url":"view-model-under-the-hood-store.html","level":1,"parentId":"-549hu0_3","tabIndex":0},"fragment-viewmodelstore-and-retain-fragment":{"id":"fragment-viewmodelstore-and-retain-fragment","title":"ViewModel в Fragment под капотом: от ViewModelStore до Retain-фрагментов","url":"fragment-viewmodelstore-and-retain-fragment.html","level":1,"parentId":"-549hu0_3","tabIndex":1},"view-model-under-the-hood-сompose":{"id":"view-model-under-the-hood-сompose","title":"ViewModel под капотом: как работает в Compose и View","url":"view-model-under-the-hood-сompose.html","level":1,"parentId":"-549hu0_3","tabIndex":2},"saved-state-handle-under-the-hood":{"id":"saved-state-handle-under-the-hood","title":"SavedStateHandle и Bundle под капотом: как Android сохраняет состояние","url":"saved-state-handle-under-the-hood.html","level":1,"parentId":"-549hu0_3","tabIndex":3},"decompose-save-state-internal":{"id":"decompose-save-state-internal","title":"Decompose и Essenty: под капотом сохранения состояния без ViewModel","url":"decompose-save-state-internal.html","level":1,"parentId":"-549hu0_3","tabIndex":4},"-549hu0_4":{"id":"-549hu0_4","title":"Kotlin","level":0,"tabIndex":2},"-549hu0_5":{"id":"-549hu0_5","title":"Java","level":0,"tabIndex":3}}},"topLevelIds":["start-page","-549hu0_3","-549hu0_4","-549hu0_5"]}