{"entities":{"pages":{"start-page":{"id":"start-page","title":"suleimanovs.github.io","url":"start-page.html","level":0,"tabIndex":0},"b462qb_3":{"id":"b462qb_3","title":"Android","level":0,"pages":["b462qb_6","b462qb_7"],"tabIndex":1},"b462qb_6":{"id":"b462qb_6","title":"ViewModel","level":1,"parentId":"b462qb_3","pages":["view-model-under-the-hood-store","fragment-viewmodelstore-and-retain-fragment","view-model-under-the-hood-сompose","saved-state-handle-under-the-hood","decompose-save-state-internal"],"tabIndex":0},"view-model-under-the-hood-store":{"id":"view-model-under-the-hood-store","title":"ViewModel под капотом: как она выживает при пересоздании Activity","url":"view-model-under-the-hood-store.html","level":2,"parentId":"b462qb_6","tabIndex":0},"fragment-viewmodelstore-and-retain-fragment":{"id":"fragment-viewmodelstore-and-retain-fragment","title":"ViewModel в Fragment под капотом: от ViewModelStore до Retain-фрагментов","url":"fragment-viewmodelstore-and-retain-fragment.html","level":2,"parentId":"b462qb_6","tabIndex":1},"view-model-under-the-hood-сompose":{"id":"view-model-under-the-hood-сompose","title":"ViewModel под капотом: как работает в Compose и View","url":"view-model-under-the-hood-сompose.html","level":2,"parentId":"b462qb_6","tabIndex":2},"saved-state-handle-under-the-hood":{"id":"saved-state-handle-under-the-hood","title":"SavedStateHandle и Bundle под капотом: как Android сохраняет состояние","url":"saved-state-handle-under-the-hood.html","level":2,"parentId":"b462qb_6","tabIndex":3},"decompose-save-state-internal":{"id":"decompose-save-state-internal","title":"Decompose и Essenty: под капотом сохранения состояния без ViewModel","url":"decompose-save-state-internal.html","level":2,"parentId":"b462qb_6","tabIndex":4},"b462qb_7":{"id":"b462qb_7","title":"Test","level":1,"parentId":"b462qb_3","tabIndex":1},"b462qb_4":{"id":"b462qb_4","title":"Kotlin","level":0,"pages":["b462qb_13","serialzation"],"tabIndex":2},"b462qb_13":{"id":"b462qb_13","title":"Test","level":1,"parentId":"b462qb_4","pages":["testing_philosophy_kotlin_expect_actual_test_doubles"],"tabIndex":0},"testing_philosophy_kotlin_expect_actual_test_doubles":{"id":"testing_philosophy_kotlin_expect_actual_test_doubles","title":"Философия тестирования в Kotlin: Expect/Actual, Unit-тесты и природа Test Doubles","url":"testing-philosophy-kotlin-expect-actual-test-doubles.html","level":2,"parentId":"b462qb_13","tabIndex":0},"serialzation":{"id":"serialzation","title":"Введение","url":"serialzation.html","level":1,"parentId":"b462qb_4","tabIndex":1},"b462qb_5":{"id":"b462qb_5","title":"Java","level":0,"tabIndex":3}}},"topLevelIds":["start-page","b462qb_3","b462qb_4","b462qb_5"]}